AHFS ,Medication,On formulary,Restricted,Comments
10:00:00,CAPECITABINE tabs,x, , 
10:00:00,CHLORAMBUCIL 2 mg/tab,x, , 
10:00:00,CYCLOPHOSPHAMIDE tabs,x, , 
10:00:00,ETOPOSIDE 50 mg/cap,x, , 
10:00:00,FLUDARABINE 10 mg/tab,x, , 
10:00:00,LOMUSTINE caps,x, , 
10:00:00,MELPHALAN 2 mg/tab,x, , 
10:00:00,MERCAPTOPURINE 50 mg/tab,x, , 
10:00:00,METHOTREXATE tabs,x, ,
10:00:00,MITOTANE 500 mg/tab,x, , 
10:00:00,PROCARBAZINE 50 mg/cap,x, , 
10:00:00,TRETINOIN 10 mg/cap,x, , 
12:00:00,Budenoside + Formoterol 200-6 mcg/inh,x,,Carry 200-6 mcg strength only (standardization)
12:00:00,Budenoside 200 mcg/inh ,x,,
12:00:00,Budenoside 250 mcg/2mL Nebulizer sol ,x,,
20:00:00,Ciclesonide 200 mcg/inh (30 dose format),x,,"Carry 200 mcg strength, hospital format only (cost)"
12:00:00,Fluticasone + Salmeterol 125-25mcg/inh (120 doses),x,,
12:00:00,Fluticasone + Salmeterol 250-25mcg/inh (120 doses),x,,
12:00:00,FORMOTEROL 12 mcg/inh TURBUHALER,x,,
12:00:00,MOMETASONE + FORMOTEROL 200 - 5 mcg/inh MDI,x,,
12:00:00,"Indacaterol 75mcg/caps Breezhaler (#10 pack, hospital format)",x,,
12:00:00,Ipratropium 0.25 mg/mL SS nebule (1mL),x,,"Carry 0.25 mg/mL SS only (standardization, safety)"
12:00:00,Ipratropium 20 mcg/inh puffer ,x,,
12:00:00,Salbutamol 1 mg/mL SS nebule (2.5 mL),x,,"Carry 1 mg/mL SS only (standardization, safety)"
12:00:00,Salbutamol 100 mcg/inh puffer,x,,
12:00:00,Tiotropium 18 mcg/caps inh ,x,,
12:00:00,TIOTROPIUM RESPIMAT 2.5mcg/inh,x,,
12:00:00,TIOTROPIUM/OLODATEROL 2.5/2.5mcg RESPIMAT,x,,
12:00:00,Glycopyrronium 50mcg/cap Breezhaler,x,,
12:00:00,GLYCOPYRRONIUM/INDACATEROL 50/110mcg Breezhaler,x,,
4:00:00,diphenhydrAMINE 25 mg/caps,x,,
4:00:00,diphenhydrAMINE 50 mg/caps,x,,
4:00:00,diphenhydrAMINE 12.5 mg/5mL oral elixir (500mL bot),x,,
4:00:00,diphenhydrAMINE 50 mg/mL (1 mL) inj.,x,,
4:00:00,CETIRIZINE 10 mg/tab,x,,Carry 10mg strength only (cost)
8:00:00,AMOXICILLIN 250 mg/cap,X,,
8:00:00,AMOXICILLIN 500 mg/cap,X,,
8:00:00,AMOXICILLIN 250 mg/5 mL oral susp (100mL bottle),X,,
8:00:00,AMOXICILLIN CLAVULANATE 500-125 mg/tab,X,,
8:00:00,AMOXICILLIN CLAVULANATE 875-125 mg/tab,X,,
8:00:00,AMOXICILLIN CLAVULANATE 250-125 mg/tab,X,,
8:00:00,AMOXICILLIN CLAV 250 mg/5 mL oral susp (100mL bottle),X,,
8:00:00,AMPICILLIN 1000 mg/vial inj.,X,,
8:00:00,AMPICILLIN 250 mg/vial inj.,X,,
8:00:00,AMPICILLIN 500 mg/vial inj.,X,,
8:00:00,AZITHROMYCIN 100 mg/mL (5mL) inj,X,,
8:00:00,AZITHROMYCIN 200 mg/5 mL oral susp (15mL bottle),X,,
8:00:00,AZITHROMYCIN 250 mg/tab,X,,
8:00:00,CEFADROXIL 500 mg/caps,X,,
8:00:00,CEPHALEXIN 250 mg/ 5mL oral susp  (100mL bottle),X,,
8:00:00,CEPHALEXIN 250mg tab,X,,
8:00:00,CEPHALEXIN 500 mg/tab,X,,
8:00:00,ceFAZolin 1000 mg/vial inj.,x,,
8:00:00,CEFUROXIME 125 mg/5mL oral susp (100mL bottle),x,,
8:00:00,CEFUROXIME 250 mg/tab,x,,
8:00:00,CEFUROXIME 500 mg/tab,x,,
8:00:00,CEFIXIME 100 mg/5mL oral susp  (50mL bottle),x,,On backorder
8:00:00,CEFIXIME 400 mg/tab,x,,
8:00:00,cefTRIAXone 1000 mg/vial inj,x,,
8:00:00,cefTRIAXone 250 mg/vial inj.,x,,
8:00:00,CIPROFLOXACIN 200 mg/100 mL inj. BAG,x,,
8:00:00,CIPROFLOXACIN 400 mg/200 mL inj. BAG,x,,
8:00:00,CIPROFLOXACIN 250 mg/tab,x,,
8:00:00,CIPROFLOXACIN 500 mg/tab,x,,
8:00:00,CLARITHROMYCIN 250 mg/tab,x,,
8:00:00,CLARITHROMYCIN 500 mg/tab,x,,
8:00:00,CLINDAMYCIN 150 mg/cap,x,,
8:00:00,CLINDAMYCINE 300MG CAPS.,x,,
8:00:00,CLINDAMYCIN 300 mg/2mL inj vial,x,,
8:00:00,CLINDAMYCIN 600 mg/4mL injvial,x,,
8:00:00,CLINDAMYCIN 900 mg/6mL inj vial,x,,
8:00:00,CLINDAMYCIN 75 mg/5mL oral susp (100mL bottle),x,,
8:00:00,CLOXACILLIN  2000 mg/vial inj.,x,,
8:00:00,CLOXACILLIN  250 mg/cap,x,,
8:00:00,CLOXACILLIN  500 mg/cap,x,,
8:00:00,CLOXACILLIN  500 mg/vial inj.,x,,
8:00:00,CLOXACILLIN 125mg/5mL susp (100mL bottle),x,,
8:00:00,DAPSONE 100 mg/tab,x,,
8:00:00,DOXYCYCLINE 100 mg/cap,x,,
8:00:00,ERTAPENEM 1000 mg/vial inj.,x,,
8:00:00,ERYTHROMYCIN BASE 250 mg/cap,x,,
8:00:00,ERYTHROMYCIN BASE 250 mg/tab,x,,
8:00:00,ERYTHROMYCINE 1 g pd inj. (vial),,,Ask why Maimo uses??
8:00:00,GENTAMICIN 10mg/mL 2ml vial PEDIATRIC,x,,
8:00:00,GENTAMICIN 80 mg/2mL inj. vial,x,,backorder
8:00:00,levoFLOXACIN 250 mg/50mL inj. Bag,x,,
8:00:00,levoFLOXACIN 500 mg/100mL inj. Bag,x,,
8:00:00,levoFLOXACIN 750 mg/150mL inj. Bag,x,,Cost savings if 250mg+500mg bags used
8:00:00,levoFLOXACIN 250 mg/tab,x,,
8:00:00,levoFLOXACIN 500 mg/tab,x,,
8:00:00,MEROPENEM 500 mg/10mL inj. vial,x,,
8:00:00,MEROPENEM 1000 mg/20mL inj vial,x,,
8:00:00,METRONIDAZOLE 250 mg/tab,x,,
8:00:00,METRONIDAZOLE 500 mg caps.,x,,
8:00:00,METRONIDAZOLE 500 mg/100mL (bag) inj.,x,,
8:00:00,MINOCYCLINE 100 mg/cap,x,,Add to formulary
8:00:00,MINOCYCLINE 50 mg/cap,x,,Add to formulary
8:00:00,MOXIFLOXACIN 400 mg/250mL (bag) inj. ,X,,Replacing Levofloxacin backorder
8:00:00,NITROFURANTOIN 50 mg/tab,x,,
8:00:00,NITROFURANTOIN 100 mg/caps 12h LA,x,,
8:00:00,PENICILLIN G BENZATHINE 1.2 millionunit/syr inj.,x,,
8:00:00,PENICILLIN G Na 1 millionunit/vial (2 mL) inj.,x,,
8:00:00,PENICILLIN G Na 5 millionunits/ 5mL vial inj.,x,,
8:00:00,PENICILLIN V K 300 mg/tab,x,,
8:00:00,PIPERACILLIN+TAZOBACTAM 2.25 g/vial inj,x,,
8:00:00,PIPERACILLIN 3 g/TAZOBACTAM 0.375 g pd. Inj vial,x,,
8:00:00,PIPERACILLIN+TAZOBACTAM 4.5 g/vial inj.,x,,
8:00:00,RIFAXIMIN 550 mg/tab,x,,
8:00:00,TOBRAMYCIN 40 mg/mL inj vial,x,,
8:00:00,TRIMETHOPRIM 100MG tab,X,,
8:00:00,TRIMETHOPRIM SULFAMETHOXAZOLE 80mg-400mg/5ml inj amp,x,,
8:00:00,TRIMETHOPRIM SULFAMETHOXAZOLE 8-40 mg/mL oral solution (mL) Bottle,x,,
8:00:00,TRIMETHOPRIM SULFAMETHOXAZOLE SS 80-400mg/tab,x,,
8:00:00,TRIMETHOPRIM SULFAMETHOXAZOLE DS 160-800mg/tab,x,,
8:00:00,VANCOMYCIN 1000mg/20mL vial,x,,
8:00:00,VANCOMYCIN 500 mg/10mL inj vial,x,,
8:00:00,CASPOFUNGIN 50 mg/vial inj.,x,,
8:00:00,CASPOFUNGIN 70 mg/vial inj.,x,,
8:00:00,FLUCONAZOLE 10 mg/mL oral sol (35mL bottle),x,,
8:00:00,FLUCONAZOLE 50 mg/tab,x,,
8:00:00,FLUCONAZOLE 100 mg/tab,x,,
8:00:00,FLUCONAZOLE 200mg/bag (100mL) inj.,x,,
8:00:00,FLUCONAZOLE 200mg/vial (100mL) inj.,x,,
8:00:00,FLUCONAZOLE 400mg/bag (200mL) inj.,x,,
8:00:00,KETOCONAZOLE 200 mg/tab,x,,
8:00:00,"NYSTATIN 100,000 units/mL oral susp (100mL bottle)",x,,
8:00:00,POSACONAZOLE 100mg / tab,x,,
8:00:00,POSACONAZOLE 40 mg/mL oral susp (105mL bottle),x,,
8:00:00,LAMISIL (TERBINAFINE) 250MG CO.,x,,Initiation by ID or dermatology only
8:00:00,VORICONAZOLE 50 mg/tab,x,,
8:00:00,VORICONAZOLE 200 mg/tab,x,,
8:00:00,VORICONAZOLE 200mg/20mL vial inj.,x,,
8:00:00,ETHAMBUTOL 100 mg/tab,X,,
8:00:00,ETHAMBUTOL 400 mg/tab ,X,,
8:00:00,ISONIAZIDE 50 mg/tab,X,,
8:00:00,ISONIAZIDE 100 mg/tab,X,,
8:00:00,ISONIAZIDE 300 mg/tab,X,,
8:00:00,ISONIAZIDE 50 mg/5mL oral syrup (500mL bottle),X,,
8:00:00,PYRAZINAMIDE 500 mg/tab,X,,
8:00:00,RIFABUTIN 150 mg/cap,X,,
8:00:00,RIFAMPIN 150 mg/cap,X,,
8:00:00,RIFAMPIN 300 mg/cap,X,,
8:00:00,ATOVAQUONE + PROGUANIL 250 -100 mg/tab,X,,
8:00:00,ATOVAQUONE 150 mg/ml oral susp (210ml bottle),X,,
8:00:00,CHLOROQUINE phosphate 250 mg/tab,X,,
8:00:00,HYDROXYCHLOROQUINE 200 mg/tab,X,,
8:00:00,PRIMAQUINE 15 mg base/tab,X,,
8:00:00,PYRIMETHAMINE 25 mg/tab,X,,
8:00:00,QUININE 200 mg/cap,X,,
8:00:00,QUININE SULFATE 300 mg/cap,X,,
8:00:00,ACYCLOVIR 200mg/tab,x,,
8:00:00,ACYCLOVIR 500 mg/10mL inj,x,,
8:00:00,ACYCLOVIR 1000 mg/20mL inj,x,,
8:00:00,AMANTADINE 10 mg/mL oral syrup (500mL bottle),x,,
8:00:00,AMANTADINE 100 mg/cap,x,,
8:00:00,ENTECAVIR 0.5 mg/tab,x,,
8:00:00,OSELTAMIVIR 30 mg/cap,x,,
8:00:00,OSELTAMIVIR 75 mg/cap,x,,
8:00:00,VALACYCLOVIR 500 mg/tab,x,,
8:00:00,ABACAVIR 300 mg/tab,X,,
8:00:00,ABACAVIR+LAMIVUDINE 600-300 mg/tab,X,,
8:00:00,ATAZANAVIR 150 mg/cap,X,,
8:00:00,ATAZANAVIR 200 mg/cap,X,,
8:00:00,DARUNAVIR 400 mg/tab ,X,,
8:00:00,DARUNAVIR 600 mg/tab ,X,,
8:00:00,DELAVIRDINE 100 mg/tab,X,,
8:00:00,DOLUTEGRAVIR 50 mg/tab,X,,
8:00:00,EFAVIRENZ+EMTRICITABINE+TENOFOVIR,X,,
8:00:00,EFAVIRENZ 50 mg/cap,X,,
8:00:00,EFAVIRENZ 200 mg/cap,X,,
8:00:00,EFAVIRENZ 600mg/tab,X,,
8:00:00,EMTRICITABINE/TENOFOVIR 200/300 mg/tab,X,,
8:00:00,ETRAVIRINE 100 mg/tab,X,,
8:00:00,FOSAMPRENAVIR 700 mg/tab,X,,
8:00:00,INDINAVIR 400 mg/cap,X,,
8:00:00,lamiVUDine 10 mg/mL oral sol (240mL bottle),X,,
8:00:00,lamiVUDine 100 mg/tab,X,,
8:00:00,lamiVUDine 150 mg/tab,X,,
8:00:00,LAMIVUDINE+ZIDOVUDINE 150-300 mg/tab,X,,
8:00:00,MARAVIROC 150 mg/tab,X,,
8:00:00,NELFINAVIR 250 mg/tab,X,,
8:00:00,NEVIRAPINE 200 mg/tab,X,,
8:00:00,RALTEGRAVIR 400 mg/tab,X,,
8:00:00,RITONAVIR 100 mg/tab,X,,
8:00:00,RITONAVIR 80 mg/mL oral solution (mL),X,,
8:00:00,RITONAVIR + LOPINAVIR 50/200 mg/tab,X,,
8:00:00,RITONAVIR + LOPINAVIR 20+80 mg/mL sol ,X,,
8:00:00,SAQUINAVIR 200 mg/cap,X,,
8:00:00,STAVUDINE 20 mg/cap,X,,
8:00:00,STAVUDINE 30 mg/cap,X,,
8:00:00,STAVUDINE 40 mg/cap,X,,
8:00:00,TENOFOVIR 300 mg/tab,X,,
8:00:00,TIPRANOVIR 250MG,X,,
8:00:00,ZIDOVUDINE 100 mg/cap,X,,
8:00:00,SULFASALAZINE 500 mg co ent.,X,,
8:00:00,SULFASALAZINE 500 mg co,X,,
10:00:00,ANASTROZOLE 1 mg/tab,x,, 
10:00:00,BICALUTAMIDE 50 mg/tab,x,, 
10:00:00,EXEMESTANE 25 mg/tab ,x,, 
10:00:00,FLUTAMIDE 250 mg/tab,x,, 
10:00:00,HYDROXYUREA 500 mg/cap,x,, 
10:00:00,IMATINIB 100 mg/tab,x,, 
10:00:00,LETROZOLE 2.5 mg/tab,x,, 
10:00:00,MEGESTROL tabs,x,, 
10:00:00,METHOTREXATE prefilled syringes, x,,
10:00:00,TAMOXIFEN tabs,x,, 
12:00:00,BETHANECHOL 10 mg/tab,x,,
12:00:00,BETHANECHOL 25 mg/tab,x,,
12:00:00,DONEPEZIL 10 mg/tab,x,,
12:00:00,DONEPEZIL 5 mg/tab,x,,
12:00:00,GALANTAMINE ER 16 mg/cap,x,,
12:00:00,GALANTAMINE ER 24 mg/cap,x,,
12:00:00,GALANTAMINE ER 8 mg/cap,x,,
12:00:00,PILOCARPINE 5 mg/tab,x,,
12:00:00,PYRIDOSTIGMINE 60 mg/tab,x,,
12:00:00,PYRIDOSTIGMINE SA 180 mg/tab,x,,Rarely used but keep formulation available
12:00:00,RIVASTIGMINE 1.5 mg/caps,x,,
12:00:00,RIVASTIGMINE 3 mg/cap,x,,
12:00:00,RIVASTIGMINE 4.5 mg/cap,x,,
12:00:00,RIVASTIGMINE 6 mg/caps,x,,
12:00:00,RIVASTIGMINE patch 4.6 mg/24h,x,,
12:00:00,RIVASTIGMINE patch 9.5 mg/24h,x,,Cost savings by adding to JGH formulary (same cost as 4.6mg)
12:00:00,DICYCLOMINE 10 mg/cap,x,,
12:00:00,"GLYCOPYRROLATE 0,2 mg/mL inj. 2ML VIAL",x,,
12:00:00,GLYCOPYRROLATE 0.2 mg/mL (1mL) inj vial,x,,
12:00:00,GLYCOPYRROLATE 0.2 mg/mL (20mL) inj vial,x,,
12:00:00,HYOSCINE 10 mg/tab,x,,
12:00:00,HYOSCINE BUTYLBROMIDE 20 mg/mL inj vial,x,,
12:00:00,SCOPOLAMINE HYDROBROMIDE 0.4 mg/mL (1 mL) inj amp,x,,
12:00:00,SCOPOLAMINE HYDROBROMIDE 0.6 mg/mL (1 mL) inj amp,x,,
12:00:00,SCOPOLAMINE 1.5mg PATCH, x,,
12:00:00,MIDODRINE 2.5mg/tab,x,,
12:00:00,MIDODRINE 5 mg/tab,x,,
12:00:00,ALFUZOSIN 10 mg/tab,x,,
12:00:00,TAMSULOSINE 0.4 mg/cap,x,,
12:00:00,CYCLOBENZAPRINE 10 mg/tab,x,,
12:00:00,METHOCARBAMOL 500 mg/tab,x,,Non-INESSS but high usage and justified clinical place
12:00:00,TIZANIDINE 4 mg/tab,x,,"Spasicity if baclofen ineffective, contraindicated, or not tolerated"
12:00:00,DANTROLENE 25 mg/cap,x,,
12:00:00,BACLOFEN 10 mg/tab,x,,
12:00:00,BACLOFENE 20 mg co.,x,,
12:00:00,NICOTINE 7 mg/patch,x,,
12:00:00,NICOTINE 14 mg/patch,x,,
12:00:00,NICOTINE 21 mg/patch,x,,
12:00:00,"NICOTINE 2 mg/gum, 4mg gum",x,,"On INESSS list, short-acting nicotine replacement therapy recommended in addition to patch"
12:00:00,VARENICLINE,x,,
20:00:00,Alteplase 2mg/2mL (Cathflo®),x,,
20:00:00,ANAGRELIDE,x,,
20:00:00,APIXABAN,x,,
20:00:00,CLOPIDOGREL,x,,
20:00:00,DABIGATRAN,x,,
20:00:00,DALTEPARIN,x,,
20:00:00,EDOXaban 30 mg/tab,x,,
20:00:00,ENOXAPARIN,x,,
20:00:00,FERROUS FUMARATE,x ,,
20:00:00,FERROUS SULFATE,x,,
20:00:00,FONDAPARINUX ,x,,"On CIUSSS formulary, restricted to HITs patients"
20:00:00,G-CSF (Grastofil),x,,
20:00:00,HEPARIN  SYR 5000 units/0.5mL,x,,"On formulary, all centers"
20:00:00,HEPARIN SYR 100 units/mL 3ml flush,x,,"On formulary, all centers"
20:00:00,IRON SUCROSE (IV),x,,
20:00:00,NICOUMALONE,x,,
20:00:00,PENTOXIFYLLINE,x,,
20:00:00,PRASUGREL,x,,
20:00:00,PROTAMINE,x,,
20:00:00,RIVAROXABAN,x,,
20:00:00,TICAGRELOR,x,,
20:00:00,TICLOPIDINE,x,,
20:00:00,TRANEXAMIC ACID,x,,
20:00:00,WARFARIN,x,,
24:00:00,ENALAPRIL (oral),x,,
24:00:00,TRANDOLAPRIL (oral),x,,
24:00:00,LISINOPRIL (oral),x,,
24:00:00,PERINDOPRIL (oral),x,,
24:00:00,QUINAPRIL (oral),x,,
24:00:00,FOSINOPRIL (oral),x,,
24:00:00,RAMIPRIL (oral),x,,
24:00:00,CAPTOPRIL (oral),x,,
24:00:00,CILAZAPRIL (oral),x,,
24:00:00,RAMIPRIL (oral),x,,
24:00:00,TRANDOLAPRIL (oral),x,,
24:00:00,CANDESARTAN (oral),x,,
24:00:00,IRBESARTAN (oral),x,,
24:00:00,LOSARTAN (oral),x,,
24:00:00,OLMESARTAN (oral),x,,
24:00:00,TELMISARTAN (oral),x,,
24:00:00,VALSARTAN (oral),x,,
24:00:00,CLONIDINE (oral),x,,
24:00:00,METHYLDOPA (oral),x,,
24:00:00,PRAZOSIN (oral),x,,
24:00:00,TERAZOSIN (oral),x,,
24:00:00,DOXAZOSIN (oral),x,,
24:00:00,AMIODARONE (oral),x,,
24:00:00,,,,Restricted – crash cart setting (all CIUSSS centers)
24:00:00,FLECAINIDE (oral),x,,
24:00:00,MEXILETINE (oral),x,,
24:00:00,PROPAFENONE (oral),x,,
24:00:00,DIGOXIN (inj),x,,"On CIUSSS formulary (all centers), pending clarification"
24:00:00,DIGOXIN (oral),x,,
24:00:00,DISOPYRAMIDE (oral),x,,
24:00:00,ACEBUTOLOL (oral),x,,
24:00:00,ATENOLOL (oral),x,,
24:00:00,BISOPROLOL (oral),x,,
24:00:00,CARVEDILOL (oral),x,,
24:00:00,LABETALOL (oral),x,,
24:00:00,"METOPROLOL (oral, short acting)",x,,
24:00:00,NADOLOL (oral),x,,
24:00:00,PINDOLOL (oral),x,,
24:00:00,"PROPRANOLOL (oral, long and short acting)",x,,
24:00:00,SOTALOL (oral),x,,
24:00:00,amLODIPine (oral),x,,
24:00:00,FELODIPINE 5mg/tab,x,,
24:00:00,NIFEDIPINE XL (oral),x,,
24:00:00,NIMODIPINE (oral),x,,
24:00:00,"VERAPAMIL, short acting (oral)",x,,
24:00:00,VERAPAMIL SR (oral),x,,
24:00:00,"DILTIAZEM, short acting (oral)",x,,
24:00:00,DILTIAZEM CD (oral),x,,
24:00:00,NITROGLYCERIN 0.4 mg/puff SPRAY,x,,
24:00:00,NITROGLYCERIN patches,x,,
24:00:00,ISOSORBIDE DINITRATE (oral),x,,
24:00:00,"ISOSORBIDE MONONITRATE (oral, LA)",x,,
24:00:00,hydrALAZINE (oral),x,,
24:00:00,MINOXIDIL (oral),x,,
24:00:00,DIPYRIDAMOLE (oral),x,,
24:00:00,DIPYRIDAMOLE / ASA 200-25 mg/cap. sr 12h,x,,
24:00:00,TETRADECYL SULFATE (inj),x,,
24:00:00,MACITENTAN tab,x,,PH patients (All centers)
24:00:00,RIOCIGUAT tab,x,,PH patients (All centers)
24:00:00,CHOLESTYRAMINE 4 g/sachet,x,,
24:00:00,EZETIMIBE (oral),x,,
24:00:00,"FENOFIBRATE SUPRA 100, 160 mg/tab",x,,
24:00:00,FENOFIBRATE EZ 48 mg/tab,x,,"Low usage, but keep for renal patients"
24:00:00,ATORVASTATIN (oral),x,,
24:00:00,PRAVASTATIN (oral),x,,
24:00:00,SIMVASTATIN (oral),x,,
24:00:00,ROSUVASTATIN (oral),x,,
24:00:00,SPIRONOLACTONE (oral),x,,
28:00:00,CLOBAZAM,x,,
28:00:00,CLONAZEPAM,x,,
28:00:00,CODEINE,x,,
28:00:00,DIAZEPAM,x,,
28:00:00,DILAUDID ,x,,
28:00:00,FENTANYL (patches),x,,
28:00:00,LORAZEPAM ,x,,
28:00:00,METHADONE  ,x,,
28:00:00,METHYLPHENIDATE (short or long acting),x,,
28:00:00,MIDAZOLAM ,x,,
28:00:00,MORPHINE,x,, 
28:00:00,NABILONE ,x,,
28:00:00,NALOXONE,x,,
28:00:00,OPIUM/BELLADONNA,x,,
28:00:00,OXAZEPAM,x,,
28:00:00,OXYCODONE,x,,
28:00:00,OxyCODONE long acting,x,,
28:00:00,PHENOBARBITAL ,x,,
28:00:00,ZOPICLONE,x,,
28:00:00,ACETAMINOPHEN 325 mg/tab,x,,
28:00:00,ACETAMINOPHEN 500 mg/tab,x,,
28:00:00,ACETAMINOPHEN 120 mg/supp.,x,,
28:00:00,ACETAMINOPHEN 650 mg/supp.,x,,
28:00:00,ACETAMINOPHEN 80 mg/mL oral susp (24mL bottle),x,,
28:00:00,ACETAMINOPHEN 160 mg/5mL oral sol (500mL bottle),x,,
28:00:00,DICLOFENAC 50 mg/supp,x,,
28:00:00,DICLOFENAC 100 mg/supp,x,,
28:00:00,DICLOFENAC 25 mg/tab,x,,
28:00:00,DICLOFENAC 50 mg/tab,x,,
28:00:00,DICLOFENAC U.S.P. powder,x,,
28:00:00,CELECOXIB 100 mg/cap,x,,
28:00:00,CELECOXIB 200 mg/cap,x,,
28:00:00,ACETYLSALICYLIC ACID E.C. 81 mg/tab,x,,
28:00:00,ACETYLSALICYLIC-ACID 80 MG coated tab.,x,,
28:00:00,ACETYLSALICYLIC ACID 80 mg/tab chewable,x,,
28:00:00,ACETYLSALICYLIC ACID 325 mg/tab,x,,
28:00:00,ACETYLSALICYLIC ACID E.C. 325 mg/tab,x,,
28:00:00,ACETYLSALICYLIC ACID E.C. 650 mg/tab,x,,
28:00:00,INDOMETHACIN 25 mg/cap,x,,
28:00:00,INDOMETHACIN 50 mg/cap,x,,
28:00:00,INDOMETHACIN 50 mg/supp.,x,,
28:00:00,INDOMETHACIN 100 mg/supp.,x,,
28:00:00,NAPROXEN 250 mg/tab,x,,
28:00:00,NAPROXEN 375 mg/tab,x,,
28:00:00,IBUPROFEN 100 mg/5mL oral susp (100mL bottle),x,,
28:00:00,IBUPROFEN 200 mg/tab,x,,
28:00:00,IBUPROFEN 300 mg/tab,x,,
28:00:00,IBUPROFEN 400 mg/tab,x,,
28:00:00,KETOROLAC 10 mg/mL (1mL) inj.,x,,
28:00:00,KETOROLAC 10 mg/tab,x,,
28:00:00,KETOROLAC 30 mg/mL (1mL) inj.,x,,
28:00:00,PRIMIDONE 125mg/tab,x,,
28:00:00,PRIMIDONE 250 mg/tab,x,,
28:00:00,PHENYTOIN 25mg/mL (250mL) susp,x,,
28:00:00,PHENYTOIN 50 mg/mL (2mL) inj.,x,,
28:00:00,PHENYTOIN 50 mg/mL (5 mL) inj.,x,,
28:00:00,PHENYTOIN 100 mg/cap,x,,
28:00:00,PHENYTOIN 50 mg/tab,x,,
28:00:00,VALPROIC ACID 50 mg/ml oral syrup (450 mL),x,,
28:00:00,DIVALPROEX 125 mg/tab,x,,
28:00:00,DIVALPROEX 250 mg/tab,x,,
28:00:00,DIVALPROEX 500mg/tab,x,,
28:00:00,CARBAMAZEPINE 100mg/tab chew,x,,
28:00:00,carBAMazepine reg. 200 mg/tab,x,,
28:00:00,carBAMazepine CR 200 mg/tab,x,,
28:00:00,carBAMazepine 20 mg/mL oral susp (450mL bottle),x,,
28:00:00,GABAPENTIN 100 mg/cap,x,,
28:00:00,GABAPENTIN 300 mg/cap,x,,
28:00:00,GABAPENTIN 400 mg/cap,x,,
28:00:00,GABAPENTIN 600 mg/tab,x,,
28:00:00,GABAPENTIN 800 mg/tab,x,,
28:00:00,lamoTRIgine 25 mg/tab,x,,
28:00:00,lamoTRIgine 100 mg/tab,x,,
28:00:00,Lamotrigine 150mg/co,x,,
28:00:00,TOPIRAMATE 25 mg/tab,x,,
28:00:00,TOPIRAMATE 100 mg/tab,x,,
28:00:00,TOPIRAMATE 200 mg/tab,x,,
28:00:00,LEVETIRACETAM 250mg/tab,x,,
28:00:00,LEVETIRACETAM 500 mg/tab,x,,
28:00:00,LEVETIRACETAM 750mg/tab,x,,
28:00:00,PREGABALIN 25 mg/cap,x,,
28:00:00,PREGABALIN 50 mg/cap,x,,
28:00:00,PREGABALIN 75 mg/cap,x,,
28:00:00,PREGABALIN 150 mg/cap,x,,
28:00:00,OXCARBAZEPINE 150mg/tab,x,,
28:00:00,OXcarbazepine 300 mg/tab,x,,
28:00:00,TRANYLCYPROMINE 10 mg/tab,x,,
28:00:00,PHENELZINE 15 mg/tab,x,,
28:00:00,BUPROPION SR 100 mg/tab,x,,
28:00:00,BUPROPION SR 150 mg/tab,x,,
28:00:00,BUPROPION XL 150 mg/tab,x,,
28:00:00,BUPROPION XL 300mg/tab,x,,
28:00:00,VENLAFAXINE XR 37.5 mg/cap,x,,
28:00:00,VENLAFAXINE XR 75 mg/cap,x,,
28:00:00,VENLAFAXINE XR 150 mg/cap,x,,
28:00:00,DULoxetine 30 mg/cap,x,,
28:00:00,DULoxetine 60 mg/cap,x,,
28:00:00,traZODone 50 mg/tab,x,,
28:00:00,traZODone 100 mg/tab,x,,
28:00:00,MOCLOBEMIDE 150 mg/tab,x,,"No usage, but clinically important to keep on"
28:00:00,CITALOPRAM 10 mg/tab,x,,
28:00:00,CITALOPRAM 20 mg/tab,x,,
28:00:00,ESCITALOPRAM 10 mg/tab,x,,
28:00:00,ESCITALOPRAM 20mg/tab,x,,
28:00:00,FLUoxetine 20 mg/cap,x,,
28:00:00,FLUoxetine 10 mg/cap,x,,
28:00:00,PARoxetine 10 mg/tab,x,,
28:00:00,PARoxetine 20 mg/tab,x,,
28:00:00,PARoxetine 30 mg/tab,x,,
28:00:00,SERTRALINE 25 mg/cap,x,,
28:00:00,SERTRALINE 50 mg/cap,x,,
28:00:00,SERTRALINE 100 mg/cap,x,,
28:00:00,FLUVOXAMINE 50 mg/tab,x,,
28:00:00,FLUVOXAMINE 100 mg/tab,x,,
28:00:00,MIRTAZAPINE 30 mg/tab,x,,
28:00:00,MIRTAZAPINE 15 mg/tab,x,,
28:00:00,MIRTAZAPINE RD 30 mg/tab,x,,Useful in elderly patients with diff swallowing
28:00:00,MIRTAZAPINE RD 45 mg/tab,x,,
28:00:00,CLOMIPRAMINE 10 mg/tab,x,,
28:00:00,CLOMIPRAMINE 25 mg/tab,x,,
28:00:00,CLOMIPRAMINE 50 mg/tab,x,,
28:00:00,TRIMIPRAMINE 25 mg/tab,x,,
28:00:00,DOXEPIN 10 mg/cap,x,,
28:00:00,DOXEPIN 25mg/cap,x,,
28:00:00,DOXEPIN 50 mg/cap,x,,
28:00:00,DOXEPIN 75 mg/cap,x,,
28:00:00,IMIPRAMINE 10 mg/tab,x,,
28:00:00,IMIPRAMINE 25 mg/tab,x,,
28:00:00,IMIPRAMINE 50 mg/tab,x,,
28:00:00,AMITRIPTYLINE 10 mg/tab,x,,
28:00:00,AMITRIPTYLINE 25 mg/tab,x,,
28:00:00,AMITRIPTYLINE 50 mg/tab,x,,
28:00:00,DESIPRAMINE 10 mg/tab,x,,
28:00:00,DESIPRAMINE 25 mg/tab,x,,
28:00:00,DESIPRAMINE 50 mg/tab,x,,
28:00:00,NORTRIPTYLINE 10 mg/cap,x,,
28:00:00,NORTRIPTYLINE 25 mg/cap,x,,
28:00:00,chlorproMAZINE 25 mg/tab,x,,
28:00:00,chlorproMAZINE 50 mg/tab,x,,
28:00:00,chlorproMAZINE 100 mg/tab,x,,
28:00:00,chlorproMAZINE 25 mg/mL (2 mL) inj.,x,,
28:00:00,FLUPENTHIXOL DEPOT 100 mg/mL (1mL) inj.,x,,
28:00:00,FLUPENTHIXOL DEPOT 20 mg/mL (1mL) inj.,x,,
28:00:00,FLUPENTHIXOL DEPOT 20 mg/mL (10mL) inj.,x,,
28:00:00,FLUPENTIXOL 0.5 mg/tab,x,,
28:00:00,FLUPHENAZINE 1 mg/tab,x,,
28:00:00,FLUPHENAZINE 2 mg/tab,x,,
28:00:00,FLUPHENAZINE 5 mg/tab,x,,
28:00:00,HALOPERIDOL 5 mg/mL (1mL) inj.,x,,
28:00:00,HALOPERIDOL 0.5 mg/tab,x,,
28:00:00,HALOPERIDOL 1 mg/tab,x,,
28:00:00,HALOPERIDOL 2 mg/tab,x,,
28:00:00,HALOPERIDOL 5 mg/tab,x,,
28:00:00,HALOPERIDOL 10 mg/tab,x,,
28:00:00,LOXAPINE 2.5 mg/tab,x,,
28:00:00,LOXAPINE 25 mg/tab,x,,
28:00:00,LOXAPINE 50 mg/tab,x,,
28:00:00,LOXAPINE 50 mg/mL (1 mL) inj.,x,,
28:00:00,METHOTRIMEPRAZINE 5mg/tab,x,,
28:00:00,METHOTRIMEPRAZINE 25 mg/tab,x,,
28:00:00,METHOTRIMEPRAZINE 50mg/tab,x,,
28:00:00,METHOTRIMEPRAZINE 25 mg/mL inj,x,,
28:00:00,PERPHENAZINE 2 mg/tab,x,,
28:00:00,PERPHENAZINE 4 mg/tab,x,,
28:00:00,PIMOZIDE 2 mg/tab,x,,
28:00:00,PIMOZIDE 4 mg/tab,x,,
28:00:00,TRIFLUOPERAZINE 1 mg/tab,x,,
28:00:00,TRIFLUOPERAZINE 2 mg/tab,x,,
28:00:00,TRIFLUOPERAZINE 5 mg/tab,x,,
28:00:00,ZUCLOPENTHIXOL 10 mg/tab,x,,
28:00:00,ZUCLOPENTHIXOL DEPOT 200 mg/mL (1mL)  inj.,x,,
28:00:00,ZUCLOPENTHIXOL ACETATE 50 mg/mL (1mL) inj.,x,,
28:00:00,CLOZAPINE GEN 25mg/tab,x,,Keep both GEN and Novartis
28:00:00,CLZAPINE GEN 100mg/tab,x,,
28:00:00,"CLOZApine (CLOZARIL, NOVARTIS) 25 mg/tab ",x,,
28:00:00,"CLOZApine (CLOZARIL, NOVARTIS) 100 mg/tab ",x,,
28:00:00,LURASIDONE 40 mg/tab,x,,
28:00:00,LURASIDONE 80 mg/tab,x,,
28:00:00,OLANZapine 2.5 mg/tab,x,,
28:00:00,OLANZapine 5 mg/tab,x,,
28:00:00,OLANZapine 7.5 mg/tab,x,,
28:00:00,OLANZapine 10 mg/tab,x,,
28:00:00,OLANZapine ODT 5 mg/tab,x,,
28:00:00,OLANZapine ODT 10 mg/tab,x,,
28:00:00,PALIPERIDONE SUSTENNA 100 mg/ml inj.,x,,
28:00:00,PALIPERIDONE SUSTENNA 150 mg/1.5 ml inj.,x,,
28:00:00,PALIPERIDONE SUSTENNA 50 mg/0.5 ml inj.,x,,
28:00:00,PALIPERIDONE SUSTENNA 75 mg/0.75ml inj.,x,,
28:00:00,QUEtiapine 25 mg/tab,x,,
28:00:00,QUEtiapine 100 mg/tab,x,,
28:00:00,QUEtiapine 200 mg/tab,x,,
28:00:00,QUEtiapine 300 mg/tab,x,,
28:00:00,QUEtiapine XR 50 mg/tab,x,,
28:00:00,QUEtiapine XR 150mg/tab,x,,
28:00:00,QUEtiapine XR 200 mg/tab,x,,
28:00:00,QUEtiapine XR 300 mg/tab,x,,
28:00:00,QUEtiapine XR 400 mg/tab,x,,
28:00:00,risperiDONE 0.25 mg/tab,x,,
28:00:00,risperiDONE 0.5 mg/tab,x,,
28:00:00,risperiDONE 1 mg/tab,x,,
28:00:00,risperiDONE 2 mg/tab,x,,
28:00:00,risperiDONE 3 mg/tab,x,,
28:00:00,risperiDONE 4 mg/tab,x,,
28:00:00,"RISPERIDONE M 0,5mg/tab",x,,Useful in cases of acute agitation
28:00:00,risperiDONE-M 1 mg/tab,,,DISCONTINUED
28:00:00,risperiDONE-M 2 mg/tab,,,DISCONTINUED
28:00:00,risperiDONE 1 mg/mL oral sol (30mL bottle),x,,
28:00:00,ZIPRASIDONE 20 mg/cap,x,,
28:00:00,ZIPRASIDONE40 mg/cap,x,,
28:00:00,ARIPiprazole 2 mg/tab,x,,
28:00:00,ARIPiprazole 5 mg/tab,x,,
28:00:00,ARIPiprazole 10mg/tab,x,,
28:00:00,ARIPiprazole 15 mg/tab,x,,
28:00:00,ARIPiprazole MAINTENA 300mg/1.5mL inj,x,,"On formulary, no equivalent, one of the 2 atypicals available"
28:00:00,ARIPiprazole MAINTENA 400mg/2mL inj,x,,
28:00:00,BENZTROPINE 1 mg/mL (2 mL) inj.,x,,
28:00:00,BENZTROPINE 1mg/tab,x,,
28:00:00,BENZTROPINE 2 mg/tab,x,,
28:00:00,TRIHEXYPHENIDYL 2 mg/tab,x,,
28:00:00,ENTACAPONE 200 mg/tab,x,,
28:00:00,LEVODOPA+CARBIDOPA 100-10 mg/tab,x,,
28:00:00,LEVODOPA+CARBIDOPA 100-25 mg/tab,x,,
28:00:00,LEVODOPA+CARBIDOPA 250-25 mg/tab,x,,
28:00:00,LEVODOPA+CARBIDOPA CR 100-25 mg/tab,x,,
28:00:00,LEVODOPA+CARBIDOPA CR 200-50 mg/tab,x,,
28:00:00,LEVODOPA+BENSERAZIDE 50-12.5 mg/cap,x,,
28:00:00,LEVODOPA+BENSERAZIDE 100-25 mg/cap,x,,
28:00:00,BROMOCRIPTINE 2.5 mg/tab,x,,
28:00:00,PRAMIPEXOLE 0.25 mg/tab,x,,
28:00:00,PRAMIPEXOLE 1mg/tab,x,,
28:00:00,PRAMIPEXOLE 1.5 mg/tab,x,,
28:00:00,rOPINIRole 0.25 mg/tab,x,,
28:00:00,rOPINIRole 1 mg/tab,x,,
28:00:00,rOPINIRole 2 mg/tab,x,,
28:00:00,SELEGILINE 5 mg/tab,x,,
28:00:00,"RASAGILINE 0,5mg/tab",x,,
28:00:00,RASAGILINE 1mg/tab,x,,
28:00:00,MODAFINIL 100 mg/tab ,x,,
28:00:00,LITHIUM 150 mg/cap,x,,
28:00:00,LITHIUM 300 mg/cap,x,,
28:00:00,LITHIUM CITRATE 300 mg/5 mL oral sol (500mL bot),x,,
28:00:00,BETAHISTINE 8MG,x,,
28:00:00,BETAHISTINE 16MG,x,,
28:00:00,CHLORAL HYDRATE 500 mg/5 mL oral syrup,x,,
28:00:00,DROPERIDOL 2.5 mg/mL (2 mL) inj.,x,,
28:00:00,TRYPTOPHAN 500 mg/cap,x,,
28:00:00,TRYPTOPHAN 1000 mg/tab,x,,
28:00:00,PROCHLORPERAZINE 5 mg co.,x,,
28:00:00,PROCHLORPERAZINE 10 mg co.,x,,
28:00:00,PROCHLORPERAZINE 10 mg supp.,x,,
28:00:00,FLUMAZENIL 0.1 mg/mL (5 mL) inj.,x,,
28:00:00,MEMANTINE 10 mg/tab,x,,
28:00:00,TETRABENAZINE,x,,
36:00:00,COSYNTROPIN (25u) 0.25 mg /vial  inj.,x,,On INESSS list
36:00:00,FLUORESCEIN + BENOXIN 0.25% oph drops (5mL bottle),x,,On INESSS list
36:00:00,GLUCODEX 50g sol (300mL bottle),x,,On INESSS list
36:00:00,GLUCODEX 75g sol (300mL bottle),x,,On INESSS list
40:00:00,AMILORIDE + HYDROCHLOROTHIAZIDE 5-50 mg/tab,x,,
40:00:00,aMILoride 5 mg/tab,x,,
40:00:00,chlorTHALIDONE 50 mg/tab,x,,
40:00:00,ETHACRYNIC ACID 25 mg/tab,x,,
40:00:00,FUROSEMIDE 20 mg/2mL inj (2mL amp),x,,
40:00:00,FUROSEMIDE 20 mg/tab,x,,
40:00:00,FUROSEMIDE 40 mg/4mL inj (4mL vial),x,,
40:00:00,FUROSEMIDE 40 mg/tab,x,,
40:00:00,FUROSEMIDE 80 mg/tab,x,,
40:00:00,METOLAZONE 2.5 mg/tab,x,,
40:00:00,HYDROCHLOROTHIAZIDE 12.5 mg/tab,x,,
40:00:00,HYDROCHLOROTHIAZIDE 25 mg/tab,x,,
40:00:00,HYDROCHLOROTHIAZIDE 50 mg/tab,x,,
40:00:00,INDAPAMIDE 1.25 mg/tab,x,,
40:00:00,INDAPAMIDE 2.5 mg/tab,x,,
40:00:00,TRIAMTERENE+HYDROCHLOROTHIAZIDE 50-25 mg/tab,x,,"Keep combo, triamterene n/a in canada as single agent"
40:00:00,SEVELAMER carbonate (Renvela) 800 mg/tab,x,,"Safety: carbonate salt is safer option. Risk of metabolic acidosis with Renagel. Note, cannot make suspension out of this product"
40:00:00,LANTHANUM CARBONATE 1000 mg/tab chew,x,,
40:00:00,LANTHANUM CARBONATE 500 mg/tab chew,x,,
40:00:00,LANTHANUM CARBONATE 750 mg/tab chew,x,,
40:00:00,CALCIUM 500mg/25ml oral sol (350mL bottle),x,,
40:00:00,CALCIUM CARBONATE (Tums) 500 mg/tab,x,,
40:00:00,CALCIUM CARBONATE 500 mg/tab,x,,
40:00:00,CALCIUM + VITAMINE-D 500MG + 400UI,x,,
40:00:00,PHOSPHATE EFFERVESCENT 500 mg/tab,x,,
40:00:00,MAGNESIUM 250 mg/tab elemental (high strength Mg),x,,
40:00:00,MAGNESIUM GLUCOHEPT 500 mg/5mLoral sol (500mL),x,,
40:00:00,MAGNESIUM GLUCONATE 500 mg/tab,x,,
40:00:00,MAGNESIUM GLUCONATE 100 mg/mL sol. orale,x,,
40:00:00,POTASSIUM CHLORIDE 20 mEq/tab sr 24h,x,,
40:00:00,POTASSIUM CHLORIDE 20meq/15ml oral sol (500mL bot),x,,
40:00:00,POTASSIUM CHLORIDE 8 mEq (600mg)/tab,x,,
40:00:00,ZINC ACETATE 100 mg/ 5 mL oral sol,x,,
40:00:00,ZINC ELEMENTAL 50 mg/tab (Gluconate),x,,
40:00:00,SODIUM CHLORIDE 1 g/cap,x,,
40:00:00,SODIUM BICARBONATE 500 mg (6 mEq) tab,x,,
40:00:00,CALCIUM CHLORIDE 100 mg/mL (10 mL syr) minijet,x,,"Crash cart: critical patients and/or urgent settings, all centers."
40:00:00,MAGNESIUM SULFATE 5 g/10mL 50% (10 mL vial)  inj.,x,,"Restricted to critical patients and/or urgent settings, all centers."
40:00:00,SODIUM BICARBONATE 50 mEq/50mL syr (8.4%) minijet,x,,"Restricted to critical patients and/or urgent settings, all centers."
40:00:00,SODIUM CHLORIDE 0.9% (10mL) SYRINGE,x,,flush
40:00:00,SODIUM CHLORIDE 0.9% (10mL) VIAL,x,,diluting
40:00:00,DEXTROSE 50% (25 g/50ML SYR) minijet,x,,"Restricted to critical patients and/or urgent settings, all centers."
40:00:00,DEXTROSE 10% (1L) BAG,x,,
40:00:00,DEXTROSE 10% (250 mL) BAG,x,,
40:00:00,DEXTROSE 10% (500 mL) BAG,x,,
40:00:00,DEXTROSE 5 % (250mL Non PVC) BAG,x,,
40:00:00,DEXTROSE 5 % (500mL NON PVC) BAG,x,,
40:00:00,DEXTROSE 5% - NaCl 0.45%  (1L) BAG,x,,
40:00:00,DEXTROSE 5% - NaCl 0.45%  (500mL)  BAG,x,,
40:00:00,DEXTROSE 5% - NaCl 0.9%  (1L) BAG,x,,
40:00:00,DEXTROSE 5% - NaCl 0.9%  (500mL)  BAG,x,,
40:00:00,DEXTROSE 5% (100mL) BAG,x,,
40:00:00,DEXTROSE 5% (1L) BAG,x,,
40:00:00,DEXTROSE 5% (250 mL) BAG,x,,
40:00:00,DEXTROSE 5% (50 mL)  BAG,x,,
40:00:00,DEXTROSE 5% (500 mL) BAG,x,,
40:00:00,LACTATED RINGERS (1L) BAG,x,,
40:00:00,LACTATED RINGERS (500mL) BAG,x,,
40:00:00,SODIUM CHLORIDE 0.45%  Non PVC (250mL) BAG,x,,
40:00:00,SODIUM CHLORIDE 0.45% (1L) BAG,x,,
40:00:00,SODIUM CHLORIDE 0.9%  IRRIGATION (1.5L) BAG *OR,x,,
40:00:00,SODIUM CHLORIDE 0.9%  IRRIGATION (3L) BAG,x,,
40:00:00,SODIUM CHLORIDE 0.9%  Non PVC (1L) BAG,x,,
40:00:00,SODIUM CHLORIDE 0.9%  Non PVC (250mL) BAG,x,,
40:00:00,SODIUM CHLORIDE 0.9%  Non PVC (500mL) BAG,x,,
40:00:00,SODIUM CHLORIDE 0.9% (1000mL) BAG,x,,
40:00:00,SODIUM CHLORIDE 0.9% (100mL) BAG,x,,
40:00:00,SODIUM CHLORIDE 0.9% (500mL) BAG,x,,
40:00:00,SODIUM CHLORIDE 0.9% (500mL) BAG *ONCO,x,,
40:00:00,SODIUM CHLORIDE 0.9% (50mL) BAG,x,,
40:00:00,SODIUM CHLORIDE 0.9% (250mL) BAG,x,,
40:00:00,POTASSIUM CHLORIDE 20 mmol/bag (100 mL) BAG,x,,
40:00:00,POTASSIUM CHLORIDE 20mmoL/L in D5-1/2NS (1L) BAG,x,,
40:00:00,POTASSIUM CHLORIDE 20mmoL/L in D5W (1L) BAG,x,,
40:00:00,POTASSIUM CHLORIDE 20mmoL/L in NS (1L) BAG,x,,
40:00:00,POTASSIUM CHLORIDE 40mmoL/L in D5-1/2NS (1L) BAG,x,,
40:00:00,POTASSIUM CHLORIDE 40mmoL/L in D5W (1L) BAG,x,,
40:00:00,POTASSIUM CHLORIDE 40mmoL/L in NS (1L) BAG,x,,
40:00:00,POTASSIUM CHLOR. powder,,,
40:00:00,GLUCOSE 4g/tab (BOTTLE),x,,
40:00:00,LEVOCARNITINE 200 mg/mL (5 mL) VIAL inj.,x,,
40:00:00,LEVOCARNITINE 330 mg/tab,x,,
40:00:00,POLYSTYRENE 250 mg/ml oral susp (500mL) BOT,x,,
40:00:00,POLYSTYRENE 15 g/60ml oral solution (60mL) BOT,x,,
40:00:00,POLYSTYRENE powder (454g jar),x,,
40:00:00,WATER FOR INJECTION (1000mL) BAG,,,
40:00:00,WATER FOR INJECTION STERILE (10 mL) VIAL,x,,
40:00:00,STERILE WATER FOR INJ. 20 mL,x,,
40:00:00,WATER FOR IRRIGATION STERILE (1500mL bottle),x,,
40:00:00,WATER FOR IRRIGATION STERILE (250mL bottle),x,,
40:00:00,WATER FOR IRRIGATION STERILE (3L) BAG,x,,
40:00:00,WATER FOR IRRIGATION STERILE (500mL bottle),x,,
48:00:00,DEXTROMETHORPHAN 15 mg/5 mL oral syrup (250mL bot),x,,
48:00:00,MONTELUKAST 10 mg/tab,x,,
48:00:00,ACETYLCYSTEINE 6000 mg/30mL (20%) inj (30mL vial),x,,
48:00:00,BOSENTAN (oral),x,,PH patients (All centers)
48:00:00,SELEXIPAG tab,x,,PH patients (All centers)
52:00:00,CROMOGLYCATE SOD. 2% sol. oph. (10mL),x,,
52:00:00,CROMOGLYCATE 2% ophthalmic drops (5 mL bottle),x,,
52:00:00,ERYTHROMYCIN 0.5% ophthalmic ointment ,x,,
52:00:00,FUSIDIC ACID 1% ophthalmic drops (5mL),x,,
52:00:00,CIPROFLOXACIN 0.3% ophthalmic drops (5 mL),x,,
52:00:00,CIPROFLOXACIN 0.3% ophthalmic ointment (3.5g),x,,
52:00:00,MOXIFLOXACIN 0.5% ophthalmic drops (3mL),x,,"same efficacy and cost as gatifloxacin, best ocular penetration, with very broad spectrum"
52:00:00,POLYMYXIN + GRAMICIDIN oph/otic drops (10 or 15mL),x,,"Not INESSS, however clinically relevant on formulary"
52:00:00,TOBRAMYCINE opht. drops 0.3% (5 ml),x,,
52:00:00,Tobramycin 0.3% ophtalmic ointment (3.5g),x,,
52:00:00,TRIFLURIDINE 1% ophthalmic drops (7.5mL),x,,
52:00:00,DEXAMETHASONE 0.1% ophthalmic ointment (3.5g),x,,
52:00:00,PREDNISOLONE ACETATE 0.12% ophthalmic drops (10mL),x,,
52:00:00,PREDNISOLONE ACETATE 1% ophthalmic drops (5mL),x,,
52:00:00,DICLOFENAC 0.1% ophtalmic drops (5 ml),x,,
52:00:00,BRIMONIDINE 0.15% ophthalmic drops (5mL),x,,
52:00:00,BRIMONIDINE 0.2% ophthalmic drops (5mL),x,,
52:00:00,APRACLONIDINE 0.5% ophthalmic drops (5mL),x,,
52:00:00,PROPARACAINE 0.5% ophthalmic drops (15mL),x,,
52:00:00,BETAXOLOL S 0.25 % ophthalmic drops (5mL),x,,
52:00:00,LEVOBUNOLOL 0.5% ophthalmic drops (5ml),x,,
52:00:00,TIMOLOL 0.25% ophthalmic drops (5mL),x,,
52:00:00,TIMOLOL XE 0.5% ophthalmic drops (5mL),x,,
52:00:00,TIMOLOL 0.5% ophthalmic drops (10mL),x,,
52:00:00,BRINZOLAMIDE 1% ophthalmic drops (5mL),x,,
52:00:00,DORZOLAMIDE 2%  ophthalmic drops (5mL),x,,
52:00:00,HYDROXYPROPYLMETHYLCELLULOSE 0.5% oph drops (15mL),x,,Standardize to 1 artificial tear formulation: cheapest
52:00:00,SODIUM CHLORIDE 0.9% ophthalmic drops (0.3mL) MINIM,x,,
52:00:00,SODIUM CHLORIDE 5% ophthalmic drops (15mL),x,,
52:00:00,POLYVINYL ALCOHOL 1.4% ophthalmic drops (mL),x,,Should be used when no preservative is wanted (benzalkonium chloride) / use in certain opthalmic preparations (P)
52:00:00,Carbomer-Sorbitol oph gel (10g),x,,
52:00:00,CARBOXYMETHYLCELLULOSE 1% oph gel (0.4mL),x,,
52:00:00,Petrolatum-Mineral Oil oph ointment (3.5),x,,
52:00:00,SODIUM CHLORIDE 5% ophthalmic ointment (3.5g),x,,
52:00:00,ATROPINE 1% ophthalmic drops  (5 mL),x,,
52:00:00,ATROPINE 1% ophthalmic drops (0.3ml) MINIM,x,,
52:00:00,PILOCARPINE 1% ophthalmic drops (15mL),x,,
52:00:00,PILOCARPINE 2% ophthalmic drops (0.3mL) MINIM,x,,
52:00:00,PILOCARPINE 2% ophthalmic drops (15mL),x,,
52:00:00,PILOCARPINE 4% ophthalmic drops (15mL),x,,
52:00:00,BIMATOPROST 0.01% ophth drops (5mL),x,,
52:00:00,LATANOPROST 0.005% oph drops (2.5mL),x,,
52:00:00,TRAVOPROST Z 0.004% ophthalmic drops,x,,
52:00:00,DORZOLAMIDE + TIMOLOL 2-0.5%  oph drops , X,,"High usage, ease of use"
52:00:00,FLUORESCINE/BENOXINATE sol oph,x ,,
52:00:00,TIMOLOL+BRINZOLAMIDE 0.5%-1% opht. drops (5ml),x,,Less costly than separate
52:00:00,BECLOMETHASONE 50 mcg/spray  NASAL SPRAY,x,,
52:00:00,FLUTICASONE 50 mcg/inh NASAL SPRAY,x,,
52:00:00,IPRATROPIUM 0.03% nasal spray (30 ml),x,,
52:00:00,OXYMETAZOLINE 0.05% NASAL SPRAY (Drixoral),x,,
52:00:00,ACETAZOLAMIDE 250 mg/tab,x,,
52:00:00,ACETAZOLAMIDE 500 mg /vial inj,x,,
52:00:00,ARTIFICIAL SALIVA oral sol (120 mL bottle),x,,
52:00:00,CETYLPYRIDIUM mouth wash (115mL),x,,
52:00:00,CHLORHEXIDINE 0.12 %  mouth wash (475mL),x,,
52:00:00,GELATIN 100 absorbable sponge,x,,Not a medication
52:00:00,GELATIN 12-7 absorbable sponge,x,,Not a medication
52:00:00,LIDOCAINE 2 % visq. (50mL),x,,
52:00:00,METHAZOLAMIDE 50 mg/tab,x,,
52:00:00,ORABASE (CARBOXYMETH/GEL/PECT.)POMM.,x,,
52:00:00,SODIUM CHLORIDE 0.9% nebules ADDIPAK (5 mL),x,,Use as automatic substitution for salinex
56:00:00,CHARCOAL/WATER 200 mg/mL oral susp (250mL bot),x,,
56:00:00,CHARCOAL/SORBITOL 200mg/mL oral susp (250mL bot),x,,
56:00:00,MAGNESIUM HYDROXYDE 400 mg/5 mL oral sol (500mL),x,,
56:00:00,MAGNESIUM HYDROXYDE 400 mg/5 mL oral susp (30mL),x,,
56:00:00,MAGNESIUM + ALUMINIUM hydrox 200-200mg/5mL (350mL),x,,
56:00:00,LOPERAMIDE 2 mg/tab,x,,
56:00:00,BISMUTH SUBGALLATE 200 mg/tab,x,,"not on INNESS list, low usage"
56:00:00,BISMUTH SUBSALICYLATE 262 mg/tab,x,,"not on INNESS list, low usage"
56:00:00,SIMETHICONE 180 mg/tab,x,,not on INNESS list
56:00:00,SIMETHICONE 80 mg/tab chew tab,x,,not on INNESS list
56:00:00,SIMETHICONE 40mg/mL oral drops (15mL bottle),x,,not on INNESS list
56:00:00,BISACODYL 5 mg/tab,x,,
56:00:00,BISACODYL 10 mg/supp.,x,,
56:00:00,DOCUSATE SODIUM 100 mg/cap,x,,
56:00:00,DOCUSATE SODIUM 20 mg/5 mL oral solution (500mL),x,,
56:00:00,DOCUSATE SODIUM 20 mg/5 mL oral syrup (250mL bot),x,,
56:00:00,GLYCERINE liquide, x,,Compounding
56:00:00,GLYCERIN 2.7 g/supp. (adult),x,,
56:00:00,MINERAL OIL HEAVY oral solution (500mL bottle),x,,
56:00:00,MINERAL OIL Fleet enema,x,,
56:00:00,LACTULOSE 10 g/15 mL oral solution (500ml),x,,cost saving $0.60 to order 500ml
56:00:00,LACTULOSE 10 g/15 mL oral solution (1L bottle),x,,
56:00:00,PHOSPHATE SODIUM enema (130mL),x,,
56:00:00,PICOSULFATE  packet,x,,
56:00:00,POLYETHYLENE GLYCOL-3350 (17g) packet, x,,
56:00:00,POLYETHYLENE GLYCOL 3350 bottle (510g),x,,
56:00:00,ELECTROLYTES + POLYETHYLENE GLYCOL oral sol (4L),x,,
56:00:00,PSYLLIUM fiber 7 g/5 mL powder (336g),x,,
56:00:00,PSYLLIUM/ASPARTAME 5 g/5 mL powder (283g),x,,
56:00:00,SENNOSIDES A&B 8.6 mg/tab,x,,
56:00:00,SORBITOL 70%  sol,x ,,
56:00:00,DIPHENOXYLATE / ATROPINE,x,,
56:00:00,URSODIOL 250 mg/tab,x,,
56:00:00,LACTASE 3000U co.,x,,
56:00:00,PANCREASE (lipase-emylase-protease),x,,"On formulary, various strengths availible through centers"
56:00:00,   PANCRELIPASE 4 000 units++/cap (Pancrease MT4),x,,
56:00:00,   PANCRELIPASE 10 000 units++/cap (Creon 10),x,,Removed Pancrease MT10 because of cost. Only difference with Creon 10 and Pancrease 10 was lipase content. OK'd by GI and gen surg
56:00:00,   PANCRELIPASE 16 000 units++/ caps (Pancrease MT16),x,,
56:00:00,   PANCRELIPASE 25 000 units++/cap (Creon 25),x,,
56:00:00,dimenhyDRINATE 50 mg/mL (5 mL) inj.,x,,
56:00:00,dimenhyDRINATE 50 mg/tab,x,,
56:00:00,dimenhyDRINATE 100 mg/supp.,x,,
56:00:00,dimenhyDRINATE 50 mg/supp.,x,,
56:00:00,PROCHLORPERAZINE 5 mg/mL (2 mL) inj.,x,,
56:00:00,PROCHLORPERAZINE 10 mg/supp.,x,,
56:00:00,PROCHLORPERAZINE 10 mg/tab,x,,
56:00:00,PROCHLORPERAZINE 5 mg/tab,x,,
56:00:00,ONDANSETRON 8 mg/tab,x,,
56:00:00,ONDANSETRON 4 mg/tab,x,,
56:00:00,ONDANSETRON 2 mg/mL (20 mL) inj.,x,,
56:00:00,NABILONE,,, See Section: Targetted Substances
56:00:00,FAMOTIDINE 20 mg/tab,x ,,
56:00:00,FAMOTIDINE 40 mg/tab,x,,
56:00:00,RANITIDINE 150 mg/tab,x,,
56:00:00,RANITIDINE 15 mg/mL oral sol (300mL bottle),x,,
56:00:00,RANITIDINE 25 mg/mL (2mL) inj.,x,,
56:00:00,MISOPROSTOL 200 mcg/tab,x,,
56:00:00,SUCRALFATE 1 g/tab,x,,
56:00:00,SUCRALFATE 1g/5 mL oral susp (500mL bottle),x,,
56:00:00,DEXLANSOPRAZOLE 60 mg/caps,x,,
56:00:00,DEXLANSOPRAZOLE 30 mg cap,x,,
56:00:00,PANTOPRAZOLE 4 mg/mL (10 mL) inj.,x,,
56:00:00,PANTOPRAZOLE 40 mg/tab,x,,
56:00:00,DOMPERIDONE 10 mg/tab,x,,
56:00:00,METOCLOPRAMIDE 5 mg/tab,x,,
56:00:00,METOCLOPRAMIDE 10 mg/tab,x,,
56:00:00,METOCLOPRAMIDE 1 mg/mL oral sol (500mL bottle),x,,keep for prem
56:00:00,METOCLOPRAMIDE 5 mg/mL (2 mL) inj.,x,,
56:00:00,METOCLOPRAMIDE 5 mg/mL (10 mL) inj.,x,,
56:00:00,METOCLOPRAMIDE 5 mg/mL (30 mL) inj. BULK,x,,
56:00:00,  AMINOSALICYLIC ACID - enteric coated tab,,,
56:00:00,AMINOSALICYLIC ACID EC (Asacol) 400 mg/tab,x,,
56:00:00,AMINOSALICYLIC ACID EC (Mesasal) 500 mg/tab,x,,
56:00:00,AMINOSALICYLIC ACID ER (Pentasa) 500 mg/tab,x,,
56:00:00,  AMINOSALICYLIC ACID - long acting tab,,,
56:00:00,AMINOSALICYLIC ACID LA 1200 mg/ tab (Mezavant),x,,
56:00:00,  AMINOSALICYLIC ACID - suppository,,,
56:00:00,AMINOSALICYLIC ACID 500 mg/supp.,x,,
56:00:00,  AMINOSALICYLIC ACID - rectal suspension,,,
56:00:00,AMINOSALICYLIC ACID (SALOFALK) 2g/bottle (enema),x,,
56:00:00,AMINOSALICYLIC ACID (SALOFALK) 4g/bottle (enema),x,,
56:00:00,NOTE: SULFASALAZINE classified in AHFS class 08:00:00,,,
68:00:00,CORTISONE ACETATE 25 mg/tab,x,,
68:00:00,DEXAMETHASONE 0.5 mg/tab,x,,
68:00:00,DEXAMETHASONE 0.75 mg/tab,x,,
68:00:00,DEXAMETHASONE 2 mg/tab,x,,
68:00:00,DEXAMETHASONE 4 mg/tab,x,,
68:00:00,DEXAMETHASONE 4 mg/mL (5 mL) inj.,x,,
68:00:00,FLUDROCORTISONE 0.1 mg/tab,x,,
68:00:00,HYDROCORTISONE 10 mg/tab,x,,
68:00:00,HYDROCORTISONE 20 mg/tab,x,,
68:00:00,HYDROCORTISONE 100 mg/2mL inj.,x,,
68:00:00,HYDROCORTISONE 250 mg/2mL inj.,x,,
68:00:00,methylPREDNISolone 4 mg/tab,x,,
68:00:00,methylPREDNISolone 16 mg/tab,x,,
68:00:00,methylPREDNISolone acetate DEPOT 40 mg/mL inj,x,,On CIUSSS formulary (intra-articular inj)
68:00:00,methylPREDNISolone SUCC 40 mg/ml (1 mL) inj.,x,,On CIUSSS formulary
68:00:00,PREDNISONE 1 mg/tab,x,,
68:00:00,PREDNISONE 5 mg/tab,x,,
68:00:00,PREDNISONE 50 mg/tab,x,,
68:00:00,ACARBOSE 50 mg/tab ,x,,
68:00:00,ACARBOSE 100 mg co.,x,,
68:00:00,METFORMIN 500 mg/tab,x,,
68:00:00,METFORMIN 850 mg/tab,x,,
68:00:00,ALOGLIPTIN 25mg/tab,x,,
68:00:00,LINAGLIPTIN 5 mg/tab,x,,
68:00:00,SAXAGLIPTIN 2.5 mg/tab,x,,
68:00:00,SAXAGLIPTIN 5 mg/tab,x,,
68:00:00,SITAGLIPTIN 25 mg/tab,x,,
68:00:00,SITAGLIPTIN 100 mg/tab,x,,
68:00:00,INSULIN LISPRO (Humalog) 100 units/mL (3mL vial),x,,
68:00:00,Insulin LISPRO (Humalog) 100 units/mL (10mL vial),x,,
68:00:00,INSULIN HUMULIN R  100 units/mL (3mL vial),x,,
68:00:00,insulin HUMULIN R  100 units/mL (10mL vial),x,,
68:00:00,INSULIN HUMULIN N  100 units/mL (3mL vial ),x,,
68:00:00,insulin HUMULIN NPH  100 units / mL (10mL vial ),x,,
68:00:00,INSULINE Glargine (LANTUS) 100U/mL cart (3mL),x,,
68:00:00,INSULIN-GLARGINE (Lantus) 100 units/mL (10mL vial),x,,
68:00:00,insulin DETEMIR (Levemir) 100 units/mL (3ml cartridge),x,,"Add to formulary - not equivalent to Lantus, no autosub"
68:00:00,INSULIN-DETEMIR (Levemir) 100 units/mL (10mL) ,x,,
68:00:00,REPAGLINIDE 0.5 mg/tab,x,,
68:00:00,REPAGLINIDE 1 mg co.,x,,
68:00:00,REPAGLINIDE 2 mg/tab,x,,
68:00:00,GLYBURIDE 2.5 mg/tab,x,,
68:00:00,GLYBURIDE 5 mg/tab,x,,
68:00:00,GLICLAZIDE 80 mg/tab,x,,
68:00:00,GLICLAZIDE MR 30 mg/tab,x,,
68:00:00,PIOGLITAZONE 15 mg/tab,x,,
68:00:00,PIOGLITAZONE 30 mg/tab,x,,
68:00:00,ROSIGLITAZONE 4 mg/tab,x,,
68:00:00,ROSIGLITAZONE 2 mg co.,x,,
68:00:00,GLUCAGON 1 mg/vial inj.,x,,
68:00:00,GLUCAGON HUMAN RECOMBINANT 1MG SERINGE,x,,
68:00:00,TESTOSTERONE 40 mg/cap ,x,,
68:00:00,TESTOSTERONE 10 mg/g (2.5g) gel packet ,x,,"On INESSS, should be added to formulary as per endo"
68:00:00,TESTOSTERONE 10 mg/g (5g) gel packet,x,,"On INESSS, should be added to formulary as per endo"
68:00:00,TESTOSTERONE 2.5 mg patch,x,,"On INESSS, should be added to formulary as per endo"
68:00:00,TESTOSTERONE 5 mg patch,x,,"On INESSS, should be added to formulary as per endo"
68:00:00,TESTOSTERONE ENANTHATE 200 mg/mL (5mL) inj.,x,,
68:00:00,medroxyPROGESTERone 2.5 mg/tab,x,,
68:00:00,medroxyPROGESTERone 5 mg/tab,x,,
68:00:00,medroxyPROGESTERone 10 mg/tab,x,,
68:00:00,medroxyPROGESTERone 100 mg/tab (Provera),x,,
68:00:00,medroxyPROGESTERone ACETATE 150 mg/mL (1mL) inj.,x,,
68:00:00,PROGESTERONE 100 mg/cap (Prometrium),x,,
68:00:00,ESTRADIOL 0.5 mg/tab ,x,,
68:00:00,ESTRADIOL 1 mg/tab ,x,,
68:00:00,ESTROGENS CONJUGATED 0.3 mg/tab,x,,
68:00:00,ESTROGENS CONJUGATED 0.625 mg/tab,x,,
68:00:00,ESTROGENS CONJUGATED 1.25 mg/tab,x,,
68:00:00,ESTROGENS CONJUGATED 0.625mg/G vaginal cream (14g),x,,
68:00:00,ULIPRISTAL 5mg/tab,x,,
68:00:00,RALOXIFEN 60 mg/tab ,x,,
68:00:00,CALCITONIN 200 units/mL (2 mL)  inj.,x,,
68:00:00,DESMOPRESSIN 0.1 mg/tab,x,,
68:00:00,DESMOPRESSIN 4 mcg/mL inj.,x,,
68:00:00,LEVOTHYROXINE 0.025 mg/tab,x,,
68:00:00,LEVOTHYROXINE 0.05 mg/tab,x,,
68:00:00,LEVOTHYROXINE 0.075 mg/tab,x,,
68:00:00,LEVOTHYROXINE 0.088 mg/tab,x,,
68:00:00,LEVOTHYROXINE 0.1 mg/tab,x,,
68:00:00,LEVOTHYROXINE 0.112 mg/tab,x,,
68:00:00,LEVOTHYROXINE 0.125 mg/tab,x,,
68:00:00,LEVOTHYROXINE 0.137 mg/tab,x,,
68:00:00,LEVOTHYROXINE 0.15 mg/tab,x,,
68:00:00,LEVOTHYROXINE 0.175 mg/tab,x,,
68:00:00,LEVOTHYROXINE 0.2 mg/tab,x,,
68:00:00,LIOTHYRONINE 25 mcg/tab,x,,
68:00:00,LIOTHYRONINE 5 mcg/tab,x,,
68:00:00,METHIMAZOLE 5 mg/tab,x,,
68:00:00,PROPYLTHIOURACIL 50 mg/tab,x,,
68:00:00,PROPYLTHIOURACIL 100 mg/tab,x,,
72:00:00,BUPIVACAINE 0.25% inj,x,,
72:00:00,BUPIVACAINE 0.75% inj,x,,
72:00:00,BUPIVACAINE 0.5% inj.,x,,
72:00:00,"BUPIVACAINE + EPINEPHRINE 0.25% - 1:200,000 inj",x,,
72:00:00,"BUPIVACAINE + EPINEPHRINE 0.5% - 1:200,000 inj",x,,
72:00:00,LIDOCAINE 0.5% inj,x,,
72:00:00,LIDOCAINE 1% inj,x,,
72:00:00,LIDOCAINE 2% inj,x,,
72:00:00,LIDOCAINE+EPINEPHRINE 1%-1/100 000 inj,x,,
72:00:00,LIDOCAINE+EPINEPHRINE 2%-1:100 000 inj,x,,
72:00:00,LIDOCAINE+EPINEPHRINE 2%-1/200 000 inj,x,,
72:00:00,MEPIVACAINE 1% inj,x,,
72:00:00,MEPIVACAINE 2% inj,x,,
80:00:00,VAC. DIPHTERIA/PERTUSSIS/TETANUS inj. ,x,,Routine Tetanus Booster
80:00:00,VAC. DIPHTERIA/TETANUS inj.,x,,Do NOT use for routine adult/child boosting UNLESS there is severe allergy to Pertussis vaccine component
80:00:00,VAC. DIPHTERIA/TETANUS/POLIO inj.,x,,Do NOT use for routine adult/child boosting UNLESS there is severe allergy to Pertussis vaccine component
80:00:00,VAC. HAEMOPHILUS B INFLUENZA inj.,x,,Free for adults with splenic dysfunction / splenectomy
80:00:00,VAC. HEPATITIS A ADULT 50 units/mL inj.,x,,"Free for: gay/bisexual men, chronic hepatitis / For post-Hep A exposure prophylaxis (also requires specific immune globulin post-exposure; Consult ID)"
80:00:00,VAC. HEPATITIS B ADULT 20 mcg/mL inj.,x,,"Free for: all sexually active adults; all healthcare workers, all dialysis patients, chronic hepatitis (not B) For post-Hep B exposure prophylaxis (also requires specific immune globulin post-exposure; Consult ID)"
80:00:00,VAC. HEPATITIS A/B,x,,"Free for: gay/bisexual men, chronic hepatitis (not B)"
80:00:00,VAC. INFLUENZA inj.,x,,Free and highly encouraged for all healthcare workers See Public Health list for others eligible for free vaccine
80:00:00,VAC. MEASLES/MUMPS/RUBELLA (MMR) inj.,x,,Live vaccine. Contraindicated for pregnant women and immunocompromised individuals.
80:00:00,VAC. MEASLES/MUMPS/RUBELLA/VARICELLA inj.,x,,Live vaccine. Contraindicated for pregnant women and immunocompromised individuals.
80:00:00,VAC. MENINGOCOCCAL A/C/Y/W-135 inj.,x,,Free for adults with splenic dysfunction / splenectomy
80:00:00,VAC. MENINGOCOCCAL C inj.,x,,For control of meningococcal group C outbreak/exposure
80:00:00,VAC. MENINGOCOCCAL B inj.,x,,
80:00:00,VAC. PNEUMOCCOCAL 13-VALENT inj.,x,,Used post-splenectomy
80:00:00,VAC. PNEUMOCCOCAL 23-VALENT inj.,x,,Free for adults with splenic dysfunction / splenectomy // Free for all adults > 65 years of age // See Public Health list for others eligible for free vaccine
80:00:00,VAC. TUBERCULIN  50 units/mL (PPD) inj.,x,,
80:00:00,VAC. POLIO,x,,Routine booster
80:00:00,VAC. RABIES,x,,Free after appropriately-assessed “possible” or “definite” rabies exposure (also requires specific immune globulin administration; Consult ID)
80:00:00,VAC. VARICELLA,x,,Live vaccine. Contraindicated for pregnant women and immunocompromised individuals Free for all hospital workers without immunity to Varicella. May be used after Varicella exposure (also requires specific immune globulin administration; Consult ID)
84:00:00,BACITRACIN 500 units/g ointment (15g),x,,
84:00:00,BENZOYL PEROXIDE 5% gel (60g),x,,
84:00:00,BENZOYL PEROXIDE 5% wash (85ml),x,,
84:00:00,CLINDAMYCIN 1% topical solution (30mL),x,,
84:00:00,CLINDAMYCIN 1% topical solution (60 mL),x,,
84:00:00,FUSIDIC ACID 2% cream (15g),x,,
84:00:00,FUSIDIC ACID 2% cream (30g),x,,
84:00:00,FUSIDIC ACID 2% ointment (15g),x,,
84:00:00,FUSIDIC ACID 2% ointment (30g),x,,
84:00:00,METRONIDAZOLE 0.75% gel  (70 g),x,,
84:00:00,METRONIDAZOLE 1% cream (45g),x,,
84:00:00,METRONIDAZOLE 1% gel. top. (55g),x,,
84:00:00,METRONIDAZOLE 10% vaginal cream (60g),x,,
84:00:00,MUPIROCIN 2% cream (15g),x,,
84:00:00,MUPIROCIN 2% ointment (15g),x,,
84:00:00,MUPIROCIN 2% ointment (30g),x,,
84:00:00,POLYMYXIN + BACITRACIN ointment (15g),x,,
84:00:00,POLYMYXIN-B/BACITRACIN  top. Oint (30g),x,,
84:00:00,CICLOPIROX 1% cream (60g) ,x,,INESSS/ good usage
84:00:00,CICLOPIROX 1% CREME,x,,INESSS/ good usage
84:00:00,CICLOPIROX 1% lotion (60mL),x,,
84:00:00,CLOTRIMAZOLE 1% cream  (g),x,,
84:00:00,CLOTRIMAZOLE 1% vaginal cream (50g),x,,
84:00:00,KETOCONAZOLE 2 % CREAM (30g),x,,
84:00:00,KETOCONAZOLE 2%  SHAMPOO (120mL),x,,
84:00:00,KETOCONAZOLE 2% shampoo (60mL),x,,
84:00:00,"NYSTATIN 100,000 units/g cream (15g)",x,,
84:00:00,"NYSTATIN 100,000 units/g ointment (30g)",x,,
84:00:00,"NYSTATIN 25,000 units/g vaginal cream (120g)",x,,
84:00:00,NYSTATINE 100 000 UNITS/GM CREME (454g),x,,
84:00:00,TERBINAFINE 1% cream (30g),x,,
84:00:00,PERMETHRIN 1% shampoo (56g),x,,
84:00:00,PERMETHRIN 5% cream (30 g),x,,
84:00:00,PERMETHRIN 5% lotion (bottle),x,,
84:00:00,DIMETICONE 50% (NYDA) hair spray (50mL),x,,Second line
84:00:00,PIPERONYL BUTOXIDE PYRETHRIN 3-0.3% shampoo 200mL,x,,
84:00:00,BENZOIN TINCTURE topical solution (50mL),x,,
84:00:00,CHLORHEXIDINE 0.05% Aqueous (BAXEDIN) (500mL bottle),x,,backorder
84:00:00,CHLORHEXIDINE 0.05% Aqueous SPONGE(2) 100.08,x,,
84:00:00,CHLORHEXIDINE 0.05% Aqueous SPONGE(4) 100.03,x,,
84:00:00,CHLORHEXIDINE 0.12% Oral Rinse,x,,
84:00:00,CHLORHEXIDINE 2% Alcohol  500mL bottle untinted HD,x,,
84:00:00,CHLORHEXIDINE 2% Alcohol (SOLUPREP) (500mL bottle),x,,
84:00:00,CHLORHEXIDINE 2% Alcohol Applicator 35mL 100.24,x,,
84:00:00,CHLORHEXIDINE 2% Alcohol SPONGE(Pack of 4) 100.25,x,,
84:00:00,CHLORHEXIDINE 2% Aqueous SPONGE(Pack of 4) 100.17,x,,
84:00:00,CHLORHEXIDINE 2% Alcohol SWABSTICK 102.03,x,,
84:00:00,CHLORHEXIDINE 2% Aqueous SWABSTICK 102.07,x,,
84:00:00,CHLORHEXIDINE 2% Alcohol SWABSTICK Tinted 102.09,x,,
84:00:00,CHLORHEXIDINE 2% Aqueous (STANHEXIDINE) (450mL bot),x,,
84:00:00,CHLORHEXIDINE 2% Aqueous WIPE (pack of 6) sage9606,x,,
84:00:00,CHLORHEXIDINE 2% Aqueous WIPE 101.08,x,,
84:00:00,CHLORHEXIDINE 20% sol.top.,x,,
84:00:00,CHLORHEXIDINE 4% (x115mL),x,,
84:00:00,CHLORHEXIDINE 4%  (DEXEDIN) detergent (bottle),x,,
84:00:00,CHLORHEXIDINE 4%  SPONGE 100.10,x,,
84:00:00,CHLORHEXIDINE acetate BANDAGE 10x 10cm,x,,
84:00:00,HYDROGEN PEROXYDE 3% 10 Vol (500mL bottle),x,,
84:00:00,PROVIODINE 10%  SPONGE (4) 100.12,x,,
84:00:00,PROVIODINE 10%  topical solution (450 mL),x,,
84:00:00,PROVIODINE 10%  topical solution (mL),x,,
84:00:00,IODE-POVIDONE 10% sol. top. (x500mL),x,,
84:00:00,LUGOL (iodine/pot iodide) 50/100mg oral sol. (100mL BOT),x,,
84:00:00,SILVER NITRATE 75% stick,x,,
84:00:00,SILVER SULFADIAZINE 1% cream (50g tube),x,,
84:00:00,SILVER SULFADIAZINE 1% cream (g),x,,
84:00:00,SULFADIAZINE D'ARGENT 1% CRÈME (x500g),x,,we order in bulk for radiation onc.
84:00:00,SULFADIAZINE SILVER 1% cream (20 g),x,,
84:00:00,BETAMETHASONE 0.05mg/mL enema (100mL),x,,
84:00:00,"BETAMETHASONE DIP 0,05% cr top 15 g",x,,
84:00:00,BETAMETHASONE DIPROPIO. 0.05 % cream ,x,,
84:00:00,BETAMETHASONE DIPROPIO. 0.05% ong.,x,,
84:00:00,BETAMETHASONE DIP 0.05% lot.,x,,
84:00:00,BETAMETHASONE DIP 0.05% lot. 30mL,x,,
84:00:00,BETAMETHASONE VAL 0.1% lot. top 30 mL,x,,
84:00:00,BETAMETHASONE VALER. 0.1 % scalp lotion (75mL),x,,
84:00:00,BETAMETHASONE VALER. 0.1 % cream (g),x,,
84:00:00,BETAMETHASONE VALER. 0.1 % ointment (g),x,,
84:00:00,HYDROCORTISONE 0.5% cream TUBE (15G),x,,restrict to CIUSS with no  magistrale room
84:00:00,HYDROCORTISONE 1 % + UREA 10% cream ,x,,restrict to CIUSS with no  magistrale room
84:00:00,HYDROCORTISONE 1 % lotion (60 ml), x,,
84:00:00,HYDROCORTISONE 1% + UREA 10% lotion ,x,, restrict to CIUSS with no  magistrale room
84:00:00,HYDROCORTISONE 1% cream (g),x,,
84:00:00,HYDROCORTISONE 1% ointment (g),x,,
84:00:00,HYDROCORTISONE 100 mg/60mL enema,x,,
84:00:00,HYDROCORTISONE 2% cream (25g),x,,restrict to CIUSS with no  magistrale room
84:00:00,HYDROCORTISONE 2.5% cream (45 g),x,,restrict to CIUSS with no  magistrale room
84:00:00,HYDROCORTISONE 2.5% cream (g),x,,restrict to CIUSS with no  magistrale room
84:00:00,HYDROCORTISONE+ZINC SULFATE 0.5% ointment (15g),x,,
84:00:00,"HYDROCORTISONE 0,5%/ZINC ONG.",x,,
84:00:00,HYDROCORTISONE+ZINC SULFATE 10 mg supp,x,,
84:00:00,TRIAMCINOLONE 0.1% cream (g),x,,
84:00:00,TRIAMCINOLONE 0.1% ointment (g),x,,
84:00:00,TRIAMCINOLONE ACETONIDE 0.1% cr. top.,x,,
84:00:00,BENZOCAINE 20% Spray (60mL),x,,
84:00:00,CALAMINE 8% lotion (100mL),x,,
84:00:00,FRAMYCETIN/CINCHOCAINE/HC (Proctosedyl),x,,
84:00:00,FRAMYCETIN/CINCHOCAINE/HC (Proctosedyl) supp.,x,,
84:00:00,LIDOCAINE 2% (Urojet) (10mL) syr.(OPH USE),x,,
84:00:00,LIDOCAINE 2% jelly  (30mL),x,,
84:00:00,LIDOCAINE 5% ointment (15g),x,,
84:00:00,SALICYLATE DE METHYLE 30% cr. top.,x,,
84:00:00,PRAMOXINE + HC 1% (Proctofoam) enema,x,,
84:00:00,ALLENBURY SOAP,x,,
84:00:00,BASE DERMATOLOGICAL cream (50 g),x,,
84:00:00,DERMATOLOGICAL BASE cream (g),x,,
84:00:00,CERAVE cr. top.,x,,
84:00:00,OATMEAL lot.,x,,
84:00:00,CALMOSEPTINE ointment (113g),x,,
84:00:00,COLLOIDAL OATMEAL soap (bar),x,,
84:00:00,MOISTURIZING LOTION (x450mL),x,,
84:00:00,EUCERIN oint (g),x,,
84:00:00,LANOLIN ointment tendercare (60g),x,,
84:00:00,LUBRICATING JELLY 140 G - topical ( Muko topical),x,,
84:00:00,LUBRICATING JELLY packet 3.5g (box of 100) ( Muko packet ),x,,
84:00:00,DIMETHYLSULFOXIDE (Rimso) 50% (50 mL) inj sol.,x,,
84:00:00,MINERAL OIL *LIGHT* solution for ears (ml),x,,
84:00:00,PETROLATUM ointment (g),x,,
84:00:00,PETROLATUM STERILE ointment (5g pouches),x,,
84:00:00,PETROLATUM-MINERAL OIL-CERESIN  top.oint (Aquaphor®),x,,
84:00:00,SELENIUM 2.5% shampoo (bottle),x,,
84:00:00,SHAMPOOING POUR BEBE,x,,
84:00:00,UREA 20% cream,x,,
84:00:00,UREA topical CREAM 10% (120g),x,,
84:00:00,UREA topical LOTION 12% (250ml),x,,
84:00:00,ZINC OXIDE 20% ONG.,x,,
84:00:00,ZINC OXYDE 25% ( Ihles paste )(g),x,,
84:00:00,ZINC SULFATE (Anusol) 0.5% ointment (30g),x,,
84:00:00,ZINC SULFATE (Anusol) 10 mg supp (5%),x,,
84:00:00,COAL TAR  10% + SALICYLIC 4% Shamp. (x240mL),X,,only one INESSS approved
84:00:00,CADEXOMER IODINE ointment (10g),x,,
84:00:00,CALCIPOTRIOL 0.005% cream (60g),x,,
84:00:00,CALCIPOTRIOL 0.005% ointment (30g),x,,
84:00:00,CAPSAICIN 0.025% cream (60g),x,,
84:00:00,CAPSAICIN HP 0.075% cream (60g),x,,
84:00:00,COLLAGENASE 250 units/g ointment (30g),x,, backorder
84:00:00,FERRIC  SUBSULFATE (topical solution) (Monsel) (100mL BOT),x,,
84:00:00,FERRIC SUBSULFATE topical paste (bottle),x,,
84:00:00,FLUOROURACIL 5% cream (40g),x,,
84:00:00,IMIQUIMOD 5% cream (sachet),x,,
84:00:00,NITROGLYCERINE 2% ointment (60g),x,,
84:00:00,TACROLIMUS 0.1% ointment (30g),x,,
84:00:00,TRIETHANOLAMINE 10% cream (100g),x,,
84:00:00,VITAMIN E cream (120g),x,,
86:00:00,OXYBUTYNIN 5 mg/tab,x,,
86:00:00,OXYBUTYNIN XL 10 mg/tab,x,,
86:00:00,FESOTERODINE 4 mg co,x,,"Costly agent vs oxybutynin; please re-enforce IESSS criteria: pour le traitement de l’hyperactivité vésicale pour les personnes chez qui l’oxybutynine est mal tolérée, contre-indiquée ou inefficace"
86:00:00,TOLTERODINE 1 mg/tab,x,,"Costly agent vs oxybutynin; please re-enforce IESSS criteria: pour le traitement de l’hyperactivité vésicale pour les personnes chez qui l’oxybutynine est mal tolérée, contre-indiquée ou inefficace"
86:00:00,TOLTERODINE 2 mg/tab,x,,"Costly agent vs oxybutynin; please re-enforce IESSS criteria: pour le traitement de l’hyperactivité vésicale pour les personnes chez qui l’oxybutynine est mal tolérée, contre-indiquée ou inefficace"
86:00:00,TOLTERODINE LA **LONG ACTING** 2 mg/tab,x,,"Costly agent vs oxybutynin; please re-enforce IESSS criteria: pour le traitement de l’hyperactivité vésicale pour les personnes chez qui l’oxybutynine est mal tolérée, contre-indiquée ou inefficace"
86:00:00,TOLTERODINE LA 4 mg caps.,x,,"Costly agent vs oxybutynin; please re-enforce IESSS criteria: pour le traitement de l’hyperactivité vésicale pour les personnes chez qui l’oxybutynine est mal tolérée, contre-indiquée ou inefficace"
86:00:00,SOLIFENACIN 5 mg/tab,x,,"Costly agent vs oxybutynin; please re-enforce IESSS criteria: pour le traitement de l’hyperactivité vésicale pour les personnes chez qui l’oxybutynine est mal tolérée, contre-indiquée ou inefficace"
86:00:00,SOLIFENACIN 10 mg co.,x,,"Costly agent vs oxybutynin; please re-enforce IESSS criteria: pour le traitement de l’hyperactivité vésicale pour les personnes chez qui l’oxybutynine est mal tolérée, contre-indiquée ou inefficace"
86:00:00,TROSPIUM CHLORIDE 20 mg/tab,x,,"Costly agent vs oxybutynin; please re-enforce IESSS criteria: pour le traitement de l’hyperactivité vésicale pour les personnes chez qui l’oxybutynine est mal tolérée, contre-indiquée ou inefficace"
86:00:00,THEOPHYLLINE 80 mg/15mL oral elixir (500mL bottle),x,,
86:00:00,THEOPHYLLINE 12-hour tab 100 mg,x,,
86:00:00,THEOPHYLLINE 12-hour tab 200 mg,x,,
86:00:00,THEOPHYLLINE 12-hour tab 300 mg,x,,
86:00:00,THEOPHYLLINE 24-hour tab 400 mg,x,,
86:00:00,THEOPHYLLINE 24-hour tab 600MG,x,,
88:00:00,"VITAMIN A (Retinol) 10,000 units/cap",x,,
88:00:00,THIAMINE 50 mg/tab,x,,
88:00:00,THIAMINE 100mg/tab,x,,
88:00:00,RIBOFLAVIN 100 mg/tab,x,,
88:00:00,NICOTINIC ACID 100 mg/tab,x,,
88:00:00,NICOTINIC ACID 500 mg/tab,x,,
88:00:00,PYRIDOXINE 25 mg co.,x,,
88:00:00,PYRIDOXINE 100 mg/tab,x,,
88:00:00,PYRIDOXINE 250 mg co.,x,,
88:00:00,FOLIC ACID 1 mg/tab,x,,
88:00:00,FOLIC ACID 5 mg/tab,x,,
88:00:00,CYANOCOBALAMIN 250 mcg/tab,x,,
88:00:00,CYANOCOBALAMINE 1000 mcg co,x,,JAMP PHARMA (through McKesson):12.75$/250
88:00:00,CYANOCOBALAMIN 1200 mcg/tab,x,,
88:00:00,CYANOCOBALAMIN 100 mcg/mL inj amp,x,,
88:00:00,CYANOCOBALAMIN 1000 mcg/mL (1 mL) inj amp,x,,
88:00:00,CYANOCOBALAMIN 1000 mcg/mL (10 mL vial) inj.,x,,
88:00:00,ASCORBIC ACID 500 mg/tab,x,,
88:00:00,ASCORBIC ACID chewable 500 mg/tab,x,,
88:00:00,ALFACALCIDOL 0.25 mcg/cap,x,,
88:00:00,CALCITRIOL  0.25 mcg/cap,x,,
88:00:00,CALCITRIOL  0.5 mcg/cap,x,,
88:00:00,"VITAMIN D2 50,000 units/cap",x,,
88:00:00,VITAMIN D3 400 units/tab,x,,
88:00:00,VITAMIN D3 1000 units/tab,x,,
88:00:00,"VITAMIN D3 10,000 units ***TABLET***",x,,
88:00:00,VITAMIN D3 400 units/ml oral drops (50mL bottle),x,,
88:00:00,VITAMIN E 200 units/cap,x,,
88:00:00,PHYTONADIONE (VITAMIN K) 1 mg/0.5mL  inj.,x,,
88:00:00,PHYTONADIONE (VITAMIN K) 10 mg/ml (1mL) inj.,x,,
88:00:00,ZINC ELEMENTAIRE 50 mg co.,x,,
88:00:00,MULTIVITAMIN B comp. + C (Replavite) tab,x,,
88:00:00,MULTIVITAMIN tab (Centrum Adults),x,,
88:00:00,PRENATAL MULTIVITAMIN tablet (MATERNA),x,,
92:00:00,DUTASTERIDE 0.5mg/cap,x,,
92:00:00,FINASTERIDE 5mg/tab,x,,
92:00:00,FOLINIC ACID 10mg/mL (50mL) inj,x,,
92:00:00,FOLINIC ACID 5mg/tab,x,,
92:00:00,MELATONIN 5 mg/tab,x,,
92:00:00,ALLOPURINOL 100mg/tab,x,,
92:00:00,ALLOPURINOL 200mg/tab,x,,
92:00:00,ALLOPURINOL 300mg/tab,x,,
92:00:00,COLCHICINE 0.6mg/tab,x,,
92:00:00,ALENDRONATE 70mg/tab,x,,
92:00:00,RISEDRONATE 35mg/tab,x,,
92:00:00,PAMIDRONATE 3mg/mL (10mL) inj vial,x,,
92:00:00,PAMIDRONATE 6mg/mL (10mL) inj vial,x,,
92:00:00,PAMIDRONATE 9mg/mL (10mL) inj vial,x,,
92:00:00,AZATHIOPRINE 10mg/mL oral susp. (50mL),x,,
92:00:00,AZATHIOPRINE 50mg/tab,x,,
92:00:00,CYCLOSPORINE 10mg/cap,x,,
92:00:00,CYCLOSPORINE 100mg/cap,x,,
92:00:00,CYCLOSPORINE 100mg/mL oral sol (50mL),x,,
92:00:00,CYCLOSPORINE 25mg/cap,x,,
92:00:00,CYCLOSPORINE 50mg/mL inj,x,,
92:00:00,MYCOPHENOLATE (MYFORTIC) 180mg/tab,x,,
92:00:00,MYCOPHENOLATE (MYFORTIC) 360mg/tab,x,,
92:00:00,MYCOPHENOLATE MOFETIL 200mg/mL,x,,
92:00:00,MYCOPHENOLATE MOFETIL 250mg/cap ,x,,
92:00:00,MYCOPHENOLATE MOFETIL 500mg/cap,x,,
92:00:00,TACROLIMUS  0.5mg/cap (PROGRAF),x,,
92:00:00,TACROLIMUS  1mg/cap (PROGRAF),x,,
92:00:00,TACROLIMUS  5mg/cap,x,,
92:00:00,TACROLIMUS  L.A. 1mg/cap (ADVAGRAF),x,,
92:00:00,TACROLIMUS  L.A. 3mg/cap (ADVAGRAF),x,,
92:00:00,TACROLIMUS  L.A. 5mg/cap (ADVAGRAF),x,,
92:00:00,ETHYL ALCOHOL 100% ( 10mL) inj vial,x,,
92:00:00,ARTIFICIAL SALIVA oral sol (120mL),x,,
92:00:00,CAFFEINE 100mg/tab,x,,
92:00:00,CINACALCET  30mg/tab,x,,
92:00:00,CYPROTERONE 50mg/tab,x,,
92:00:00,GLYCERIN 99% oral sol (450mL bottle),x,,
92:00:00,LACTOSE 100mg/tab (PLACEBO),x,,
92:00:00,OCTRETIDE 100mcg/mL pre-filled (1mL) inj,x,,
92:00:00,OCTRETIDE 50mcg/mL pre-filled (1mL) inj,x,,
92:00:00,OCTRETIDE 500mcg/mL (1mL) inj,x,,